site,screen_id,screen,reference,design_geometry,typography,colors,images,content_preserved,responsive,final_status,status,notes
MiraMe,A-01,Главная,PDF A стр. 1,DEVIATION,PASS,PASS,PASS,PASS,PASS,PASS_WITH_DEVIATION,VERIFIED,"Баннер, меню под ним, 2 CTA, футер, сертификат совпадают; ниже добавлены блоки «В наличии/Под заказ/Проданные/Доставка» из прежнего ТЗ, которых нет в PDF; рубрик 10 (по ТЗ) вместо 8 демонстрационных."
MiraMe,A-02,Каталог,PDF A стр. 2,PASS,PASS,PASS,PASS,PASS,PASS,PASS,VERIFIED,"v5: обложки рубрик из 02_CATEGORY_COVERS (резкие, на весь слот) применены без замен."
MiraMe,A-03,Рубрика/вложенные,PDF A стр. 3,PASS,PASS,PASS,PASS,PASS,PASS,PASS,VERIFIED,"v5: обложки рубрик из 02_CATEGORY_COVERS (резкие, на весь слот) применены без замен."
MiraMe,A-04,Список картин,PDF A стр. 4,PASS,PASS,PASS,PASS,PASS,PASS,PASS,VERIFIED,"4 в ряд, картина целиком (contain), CTA."
MiraMe,A-05,Картина в наличии,PDF A стр. 5,PASS,PASS,PASS,PASS,PASS,PASS,PASS,VERIFIED,"Две колонки, картина целиком."
MiraMe,A-06,Картина под заказ,PDF A стр. 6,PASS,PASS,PASS,PASS,PASS,PASS,PASS,VERIFIED,"Проверено рендером со статусом «Под заказ» (тот же шаблон, меняются статус и CTA); отдельной картины «Под заказ» в демо-наборе нет."
MiraMe,A-07,Проданная картина,PDF A стр. 7,PASS,PASS,PASS,PASS,PASS,PASS,PASS,VERIFIED,SOLD как статус записи; «Заказать похожую».
MiraMe,A-08,Архив SOLD,PDF A стр. 8,PASS,PASS,PASS,PASS,PASS,PASS,PASS_WITH_DEVIATION,VERIFIED,"Заголовок по центру, вводный текст под ним слева, 4 в ряд как в PDF. Отличие: ниже добавлен блок «География наших продаж» (ТЗ 1.3)."
MiraMe,A-09,О нас,PDF A стр. 9,PASS,PASS,PASS,PASS,PASS,PASS,PASS,VERIFIED,"Одно изображение слева, текст справа, CTA."
MiraMe,A-10,Отзывы,PDF A стр. 10,PASS,PASS,PASS,PASS,PASS,PASS,PASS,VERIFIED,"Стартовые отзывы заказчика (10 шт., RU и EN) с фото, именем и городом; карточки с кавычкой как в PDF. Даты — демонстрационные (случайные за последние 3 года), правятся в админке."
MiraMe,A-11,Доставка/карта,PDF A стр. 11,PASS,PASS,PASS,PASS,PASS,PASS,PASS,VERIFIED,"3 условия, интерактивная карта, статья доставки; атрибуция провайдера карты сохранена."
MiraMe,A-12,Контакты,PDF A стр. 12,PASS,PASS,PASS,PASS,PASS,PASS,PASS_WITH_DEVIATION,VERIFIED,"Короткая форма как в PDF (имя, способ связи, контакт, согласие, «Отправить заявку»); кнопка «Открыть мессенджер» показана без ссылки до ввода данных. Телефон и email слева появятся после ввода владельцем (демо-данные запрещены ТЗ v1.4); полная форма заказа остаётся в модальном окне."
MiraMe,A-13,Сертификат,PDF A стр. 13,PASS,PASS,PASS,PASS,PASS,PASS,PASS,VERIFIED,"Тёмно-синяя карточка сертификата слева, форма справа."
MiraMe,A-14,Модальная форма,PDF A стр. 14,PASS,PASS,PASS,PASS,PASS,PASS,PASS,VERIFIED,Фон вокруг формы тёмно-синий (исправлено).
MiraMe,A-15,Админка обзор,PDF A стр. 15,PASS,PASS,PASS,PASS,PASS,PASS,PASS,VERIFIED,"Левое меню по макету: «Разделы» (Обзор, Картины, Рубрики, Меню, Города продаж), затем Отзывы, Сертификаты, Настройки; остальные разделы — в свёрнутом «Ещё». Ярлык «ДЕМО МАКЕТ» не выводится намеренно."
MiraMe,A-16,Админка картина,PDF A стр. 16,PASS,PASS,PASS,PASS,PASS,PASS,PASS,VERIFIED,"Фото слева с кнопками «Заменить фото» и «+ Добавить фото», поля справа, флажок «Использовать общее описание», кнопки «Сохранить» и «Предпросмотр» под полями. Поля EN, размеры, SEO — ниже, без потерь."
MiraMe,A-17,Админка рубрики,PDF A стр. 17,PASS,PASS,PASS,PASS,PASS,PASS,PASS,VERIFIED,"Дерево слева, свойства справа: название, родитель, обложка с кнопкой «Выбрать фото», краткое описание, «Показывать на сайте», «Сохранить рубрику»; «+ Добавить рубрику» под деревом. Слаги, подписи, SEO — в свёрнутых блоках."
MiraMe,A-18,Админка меню,PDF A стр. 18,PASS,PASS,PASS,PASS,PASS,PASS,PASS,VERIFIED,"Два флажка «Верхнее меню» / «Повторять в подвале» (новые настройки сайта, действуют на шапку и подвал), строки с перетаскиванием, видимость, удаление, «+ Добавить пункт», «Сохранить меню», инфоблок и подпись как в макете. Надписи EN и «в подвале» у пунктов сохраняются, правятся в таблице."
MiraMe,A-19,Админка города,PDF A стр. 19,PASS,PASS,PASS,PASS,PASS,PASS,PASS,VERIFIED,"«Найти город», список с флажками, «+ Добавить город», превью карты (контуры стран без внешних тайлов), «Сохранить отметки» под картой, подписи как в макете. Поиск по справочнику добавляет город в список."
MiraMe,A-20,Mobile,PDF A стр. 20,PASS,PASS,PASS,PASS,PASS,PASS,PASS,VERIFIED,"Главная, карточка, форма: один столбец; форма на мобильном отдельно не снималась."
HolStori,D-01,Главная: первый экран,PDF D стр. 5,PASS,PASS,PASS,PASS,PASS,PASS,PASS,VERIFIED,Hero из утверждённого PDF (десктоп и мобильный кадр); текст D v1.4.
HolStori,D-02,Главная: каталог/заказ,PDF D стр. 6,PASS,PASS,PASS,PASS,PASS,PASS,PASS,VERIFIED,"v5: обложки рубрик из 02_CATEGORY_COVERS (резкие, на весь слот) применены без замен."
HolStori,D-03,Каталог,PDF D стр. 7,PASS,PASS,PASS,PASS,PASS,PASS,PASS,VERIFIED,"v5: обложки рубрик из 02_CATEGORY_COVERS (резкие, на весь слот) применены без замен."
HolStori,D-04,Рубрика,PDF D стр. 8,PASS,PASS,PASS,PASS,PASS,PASS,PASS,VERIFIED,"v5: обложки рубрик из 02_CATEGORY_COVERS (резкие, на весь слот) применены без замен."
HolStori,D-05,Список картин,PDF D стр. 9,PASS,PASS,PASS,PASS,PASS,PASS,PASS,VERIFIED,"4 в ряд, подписи и статус под работой, картина целиком."
HolStori,D-06,Картина в наличии,PDF D стр. 10,PASS,PASS,PASS,PASS,PASS,PASS,PASS,VERIFIED,"Большое изображение сверху, пояс данных снизу."
HolStori,D-07,Картина под заказ,PDF D стр. 11,PASS,PASS,PASS,PASS,PASS,PASS,PASS,VERIFIED,Проверено рендером со статусом «Под заказ».
HolStori,D-08,Проданная картина,PDF D стр. 12,DEVIATION,PASS,PASS,PASS,PASS,PASS,PASS_WITH_DEVIATION,VERIFIED,"Композиция D; добавлен блок «Еще в рубрике», которого нет в PDF."
HolStori,D-09,SOLD,PDF D стр. 13,DEVIATION,PASS,PASS,PASS,PASS,PASS,PASS_WITH_DEVIATION,VERIFIED,Типографический SOLD + 4 работы; ниже добавлена карта «География наших продаж» (по ТЗ).
HolStori,D-10,О нас / О студии,PDF D стр. 14,PASS,PASS,PASS,PASS,PASS,PASS,PASS,VERIFIED,"Плакатный тезис слева, фото справа, 3 этапа; остальные 5 фото студии — только на странице «О студии»."
HolStori,D-11,Отзывы,PDF D стр. 15,PASS,PASS,PASS,PASS,PASS,PASS,PASS,VERIFIED,"Стартовые отзывы заказчика (10 шт., RU и EN) с фото, именем и городом; первый отзыв крупно на лимонном поле с фото, остальные ниже («Следующие истории»). Даты — демонстрационные (случайные за последние 3 года), правятся в админке."
HolStori,D-12,Доставка,PDF D стр. 16,PASS,PASS,PASS,PASS,PASS,PASS,PASS,VERIFIED,"Карта главным блоком, город справа; на карте добавлены Пекин и Шэньчжэнь."
HolStori,D-13,Контакты,PDF D стр. 17,DEVIATION,PASS,PASS,PASS,PASS,PASS,PASS_WITH_DEVIATION,VERIFIED,"Кнопки «Написать в Telegram» и «Написать в MAX» показаны как в PDF, пока без ссылок; активируются после ввода адресов мессенджеров. Страница содержит форму целиком."
HolStori,D-14,Сертификат,PDF D стр. 18,PASS,PASS,PASS,PASS,PASS,PASS,PASS,VERIFIED,Графический объект сертификата + форма.
HolStori,D-15,Модальная форма,PDF D стр. 19,PASS,PASS,PASS,PASS,PASS,PASS,PASS,VERIFIED,"Выбранная работа сверху, поля ниже, одно действие."
HolStori,D-16,Админка обзор,PDF D стр. 20,PASS,PASS,PASS,PASS,PASS,PASS,PASS,VERIFIED,"Чёрная полоса, лимонный акцент, горизонтальные вкладки; левое меню по умолчанию свёрнуто (открывается кнопкой в шапке) и содержит остальные разделы."
HolStori,D-17,Админка картина,PDF D стр. 21,PASS,PASS,PASS,PASS,PASS,PASS,PASS,VERIFIED,"Название крупно, «Предпросмотр» и «Сохранить» справа вверху, фото слева с подписью «Основное фото» и плитками «+ Фото / + Деталь / + Интерьер» (добавляют строку изображения с подписью), флажок «Использовать общее описание». Кнопки сохранения Unfold внизу сохранены."
HolStori,D-18,Админка рубрики,PDF D стр. 22,PASS,PASS,PASS,PASS,PASS,PASS,PASS,VERIFIED,"Дерево слева, справа название выбранной рубрики, поля «Название» и «Родитель» с плашкой «Обложка рубрики» рядом, описание, «Показывать на сайте», «Сохранить рубрику»; «Добавить рубрику» вверху справа."
HolStori,D-19,Админка меню,PDF D стр. 23,PASS,PASS,PASS,PASS,PASS,PASS,PASS,VERIFIED,"Заголовок «Меню, которое растёт с вами.», колонки Порядок/Название/Ссылка/Видимость, предпросмотр справа, «Добавить пункт», «Сохранить меню», подпись как в макете."
HolStori,D-20,Админка города,PDF D стр. 24,PASS,PASS,PASS,PASS,PASS,PASS,PASS,VERIFIED,"«География картин»: тёмная карта слева, справа «Выбранная точка» (поле «Город» с поиском по справочнику, «Подпись», «Показывать на карте», «Сохранить точку»), «Добавить город» вверху справа."
HolStori,D-21,Mobile,PDF D стр. 25,PASS,PASS,PASS,PASS,PASS,PASS,PASS,VERIFIED,"Плакатный hero, одна колонка, карточка; мобильный кадр из утверждённого файла."
