source_id,country_code,country_ru,country_en,region,name_ru,name_en,name_source,name_ru_verified,name_ru_source,latitude,longitude,population,population_date,is_capital,is_admin_center,feature_code
524901,RU,Россия,Russia,Москва г,Москва,Moscow,Moscow,1,hflabs/city,55.75222,37.61556,13274285,"Росстат, на 01.01.2025",1,1,PPLC
498817,RU,Россия,Russia,Санкт-Петербург г,Санкт-Петербург,Saint Petersburg,Saint Petersburg,1,hflabs/city,59.93863,30.31413,5652922,"Росстат, на 01.01.2025",0,1,PPLA
1496747,RU,Россия,Russia,Новосибирская обл,Новосибирск,Novosibirsk,Novosibirsk,1,hflabs/city,55.04150,82.93460,1633851,"Росстат, на 01.01.2025",0,1,PPLA
1486209,RU,Россия,Russia,Свердловская обл,Екатеринбург,Yekaterinburg,Yekaterinburg,1,hflabs/city,56.85190,60.61220,1536183,"Росстат, на 01.01.2025",0,1,PPLA
520555,RU,Россия,Russia,Нижегородская обл,Нижний Новгород,Nizhniy Novgorod,Nizhniy Novgorod,1,hflabs/city,56.32867,44.00205,1204985,"Росстат, на 01.01.2025",0,1,PPLA
499099,RU,Россия,Russia,Самарская обл,Самара,Samara,Samara,1,hflabs/city,53.20007,50.15000,1158952,"Росстат, на 01.01.2025",0,1,PPLA
1496153,RU,Россия,Russia,Омская обл,Омск,Omsk,Omsk,1,hflabs/city,54.99244,73.36859,1104485,"Росстат, на 01.01.2025",0,1,PPLA
551487,RU,Россия,Russia,Татарстан Респ,Казань,Kazan,Kazan,1,hflabs/city,55.78874,49.12214,1318604,"Росстат, на 01.01.2025",0,1,PPLA
501175,RU,Россия,Russia,Ростовская обл,Ростов-на-Дону,Rostov-na-Donu,Rostov-na-Donu,1,hflabs/city,47.23135,39.72328,1140487,"Росстат, на 01.01.2025",0,1,PPLA
1508291,RU,Россия,Russia,Челябинская обл,Челябинск,Chelyabinsk,Chelyabinsk,1,hflabs/city,55.15402,61.42915,1177058,"Росстат, на 01.01.2025",0,1,PPLA
479561,RU,Россия,Russia,Башкортостан Респ,Уфа,Ufa,Ufa,1,hflabs/city,54.74306,55.96779,1163304,"Росстат, на 01.01.2025",0,1,PPLA
472757,RU,Россия,Russia,Волгоградская обл,Волгоград,Volgograd,Volgograd,1,hflabs/city,48.71939,44.50183,1018898,"Росстат, на 01.01.2025",0,1,PPLA
511196,RU,Россия,Russia,Пермский край,Пермь,Perm,Perm,1,hflabs/city,58.01046,56.25017,1026908,"Росстат, на 01.01.2025",0,1,PPLA
1502026,RU,Россия,Russia,Красноярский край,Красноярск,Krasnoyarsk,Krasnoyarsk,1,hflabs/city,56.01839,92.86717,1205473,"Росстат, на 01.01.2025",0,1,PPLA
498677,RU,Россия,Russia,Саратовская обл,Саратов,Saratov,Saratov,1,hflabs/city,51.54056,46.00861,886000,"Росстат, на 01.01.2025 (в тыс. чел.)",0,1,PPLA
472045,RU,Россия,Russia,Воронежская обл,Воронеж,Voronezh,Voronezh,1,hflabs/city,51.67204,39.18430,1046425,"Росстат, на 01.01.2025",0,1,PPLA
482283,RU,Россия,Russia,Самарская обл,Тольятти,Tol’yatti,Tol’yatti,1,hflabs/city,53.53030,49.34610,702879,GeoNames (дата переписи в источнике не указана),0,0,PPL
542420,RU,Россия,Russia,Краснодарский край,Краснодар,Krasnodar,Krasnodar,1,hflabs/city,45.04484,38.97603,1138654,"Росстат, на 01.01.2025",0,1,PPLA
479123,RU,Россия,Russia,Ульяновская обл,Ульяновск,Ulyanovsk,Ulyanovsk,1,hflabs/city,54.32824,48.38657,640680,GeoNames (дата переписи в источнике не указана),0,1,PPLA
554840,RU,Россия,Russia,Удмуртская Респ,Ижевск,Izhevsk,Izhevsk,1,hflabs/city,56.84976,53.20448,631038,GeoNames (дата переписи в источнике не указана),0,1,PPLA
468902,RU,Россия,Russia,Ярославская обл,Ярославль,Yaroslavl,Yaroslavl,1,hflabs/city,57.62987,39.87368,606730,GeoNames (дата переписи в источнике не указана),0,1,PPLA
1510853,RU,Россия,Russia,Алтайский край,Барнаул,Barnaul,Barnaul,1,hflabs/city,53.36056,83.76361,599579,GeoNames (дата переписи в источнике не указана),0,1,PPLA
2013348,RU,Россия,Russia,Приморский край,Владивосток,Vladivostok,Vladivostok,1,hflabs/city,43.10562,131.87353,587022,GeoNames (дата переписи в источнике не указана),0,1,PPLA
2023469,RU,Россия,Russia,Иркутская обл,Иркутск,Irkutsk,Irkutsk,1,hflabs/city,52.29778,104.29639,586695,GeoNames (дата переписи в источнике не указана),0,1,PPLA
2022890,RU,Россия,Russia,Хабаровский край,Хабаровск,Khabarovsk,Khabarovsk,1,hflabs/city,48.48271,135.08379,579000,GeoNames (дата переписи в источнике не указана),0,1,PPLA
515003,RU,Россия,Russia,Оренбургская обл,Оренбург,Orenburg,Orenburg,1,hflabs/city,51.77270,55.09880,550204,GeoNames (дата переписи в источнике не указана),0,1,PPLA
1496990,RU,Россия,Russia,Кемеровская область - Кузбасс обл,Новокузнецк,Novokuznetsk,Novokuznetsk,1,hflabs/city,53.75570,87.10990,539616,GeoNames (дата переписи в источнике не указана),0,0,PPL
500096,RU,Россия,Russia,Рязанская обл,Рязань,Ryazan’,Ryazan’,1,hflabs/city,54.62690,39.69160,520173,GeoNames (дата переписи в источнике не указана),0,1,PPLA
1488754,RU,Россия,Russia,Тюменская обл,Тюмень,Tyumen,Tyumen,1,hflabs/city,57.15222,65.52722,872000,"Росстат, на 01.01.2025 (в тыс. чел.)",0,1,PPLA
535121,RU,Россия,Russia,Липецкая обл,Липецк,Lipetsk,Lipetsk,1,hflabs/city,52.60311,39.57076,515655,GeoNames (дата переписи в источнике не указана),0,1,PPLA
511565,RU,Россия,Russia,Пензенская обл,Пенза,Penza,Penza,1,hflabs/city,53.20066,45.00464,512602,GeoNames (дата переписи в источнике не указана),0,1,PPLA
523750,RU,Россия,Russia,Татарстан Респ,Набережные Челны,Naberezhnyye Chelny,Naberezhnyye Chelny,1,hflabs/city,55.72545,52.41122,509870,GeoNames (дата переписи в источнике не указана),0,0,PPL
580497,RU,Россия,Russia,Астраханская обл,Астрахань,Astrakhan,Astrakhan,1,hflabs/city,46.34968,48.04076,502533,GeoNames (дата переписи в источнике не указана),0,1,PPLA
532096,RU,Россия,Russia,Дагестан Респ,Махачкала,Makhachkala,Makhachkala,1,hflabs/city,42.97638,47.50236,497959,GeoNames (дата переписи в источнике не указана),0,1,PPLA
1489425,RU,Россия,Russia,Томская обл,Томск,Tomsk,Tomsk,1,hflabs/city,56.49771,84.97437,485519,GeoNames (дата переписи в источнике не указана),0,1,PPLA
1503901,RU,Россия,Russia,Кемеровская область - Кузбасс обл,Кемерово,Kemerovo,Kemerovo,1,hflabs/city,55.33333,86.08333,477090,GeoNames (дата переписи в источнике не указана),0,1,PPLA
480562,RU,Россия,Russia,Тульская обл,Тула,Tula,Tula,1,hflabs/city,54.19609,37.61822,468825,GeoNames (дата переписи в источнике не указана),0,1,PPLA
548408,RU,Россия,Russia,Кировская обл,Киров,Kirov,Kirov,1,hflabs/city,58.59665,49.66007,457383,GeoNames (дата переписи в источнике не указана),0,1,PPLA
569696,RU,Россия,Russia,Чувашская Республика Чувашия,Чебоксары,Cheboksary,Cheboksary,1,hflabs/city,56.13222,47.25194,446781,GeoNames (дата переписи в источнике не указана),0,1,PPLA
554234,RU,Россия,Russia,Калининградская обл,Калининград,Kaliningrad,Kaliningrad,1,hflabs/city,54.70649,20.51095,434954,GeoNames (дата переписи в источнике не указана),0,1,PPLA
571476,RU,Россия,Russia,Брянская обл,Брянск,Bryansk,Bryansk,1,hflabs/city,53.25209,34.37167,427236,GeoNames (дата переписи в источнике не указана),0,1,PPLA
555312,RU,Россия,Russia,Ивановская обл,Иваново,Ivanovo,Ivanovo,1,hflabs/city,56.99719,40.97139,420839,GeoNames (дата переписи в источнике не указана),0,1,PPLA
532288,RU,Россия,Russia,Челябинская обл,Магнитогорск,Magnitogorsk,Magnitogorsk,1,hflabs/city,53.41861,59.04722,413351,GeoNames (дата переписи в источнике не указана),0,0,PPL
538560,RU,Россия,Russia,Курская обл,Курск,Kursk,Kursk,1,hflabs/city,51.73733,36.18735,409431,GeoNames (дата переписи в источнике не указана),0,1,PPLA
480060,RU,Россия,Russia,Тверская обл,Тверь,Tver,Tver,1,hflabs/city,56.85836,35.90057,400212,GeoNames (дата переписи в источнике не указана),0,1,PPLA
520494,RU,Россия,Russia,Свердловская обл,Нижний Тагил,Nizhny Tagil,Nizhny Tagil,1,hflabs/city,57.91944,59.96500,381116,GeoNames (дата переписи в источнике не указана),0,0,PPL
487846,RU,Россия,Russia,Ставропольский край,Ставрополь,Stavropol’,Stavropol’,1,hflabs/city,45.04280,41.97340,363064,GeoNames (дата переписи в источнике не указана),0,1,PPLA
2014407,RU,Россия,Russia,Бурятия Респ,Улан-Удэ,Ulan-Ude,Ulan-Ude,1,hflabs/city,51.82721,107.60627,360278,GeoNames (дата переписи в источнике не указана),0,1,PPLA
581049,RU,Россия,Russia,Архангельская обл,Архангельск,Arkhangel’sk,Arkhangel’sk,1,hflabs/city,64.54010,40.54330,356051,GeoNames (дата переписи в источнике не указана),0,1,PPLA
578072,RU,Россия,Russia,Белгородская обл,Белгород,Belgorod,Belgorod,1,hflabs/city,50.61074,36.58015,345289,GeoNames (дата переписи в источнике не указана),0,1,PPLA
1501321,RU,Россия,Russia,Курганская обл,Курган,Kurgan,Kurgan,1,hflabs/city,55.45000,65.33333,343129,GeoNames (дата переписи в источнике не указана),0,1,PPLA
553915,RU,Россия,Russia,Калужская обл,Калуга,Kaluga,Kaluga,1,hflabs/city,54.52930,36.27542,338978,GeoNames (дата переписи в источнике не указана),0,1,PPLA
491422,RU,Россия,Russia,Краснодарский край,Сочи,Sochi,Sochi,1,hflabs/city,43.59917,39.72569,327608,GeoNames (дата переписи в источнике не указана),0,0,PPL
515012,RU,Россия,Russia,Орловская обл,Орёл,Orël,Orël,1,hflabs/city,52.96508,36.07849,324200,GeoNames (дата переписи в источнике не указана),0,1,PPLA
472231,RU,Россия,Russia,Волгоградская обл,Волжский,Volzhskiy,Volzhskiy,1,hflabs/city,48.78583,44.77973,323293,GeoNames (дата переписи в источнике не указана),0,0,PPL
491687,RU,Россия,Russia,Смоленская обл,Смоленск,Smolensk,Smolensk,1,hflabs/city,54.78180,32.04010,320991,GeoNames (дата переписи в источнике не указана),0,1,PPLA
524305,RU,Россия,Russia,Мурманская обл,Мурманск,Murmansk,Murmansk,1,hflabs/city,68.97917,33.09251,319263,GeoNames (дата переписи в источнике не указана),0,1,PPLA
473249,RU,Россия,Russia,Северная Осетия - Алания Респ,Владикавказ,Vladikavkaz,Vladikavkaz,1,hflabs/city,43.03667,44.66778,317370,GeoNames (дата переписи в источнике не указана),0,1,PPLA
569223,RU,Россия,Russia,Вологодская обл,Череповец,Cherepovets,Cherepovets,1,hflabs/city,59.13333,37.90000,315738,GeoNames (дата переписи в источнике не указана),0,0,PPL
472459,RU,Россия,Russia,Вологодская обл,Вологда,Vologda,Vologda,1,hflabs/city,59.22390,39.88398,314900,GeoNames (дата переписи в источнике не указана),0,1,PPLA
473247,RU,Россия,Russia,Владимирская обл,Владимир,Vladimir,Vladimir,1,hflabs/city,56.13655,40.39658,310024,GeoNames (дата переписи в источнике не указана),0,1,PPLA
2025339,RU,Россия,Russia,Забайкальский край,Чита,Chita,Chita,1,hflabs/city,52.03171,113.50087,308500,GeoNames (дата переписи в источнике не указана),0,1,PPLA
498698,RU,Россия,Russia,Мордовия Респ,Саранск,Saransk,Saransk,1,hflabs/city,54.18380,45.17490,303394,GeoNames (дата переписи в источнике не указана),0,1,PPLA
1490624,RU,Россия,Russia,Ханты-Мансийский Автономный округ - Югра АО,Сургут,Surgut,Surgut,1,hflabs/city,61.25000,73.41667,300367,GeoNames (дата переписи в источнике не указана),0,0,PPL
484646,RU,Россия,Russia,Тамбовская обл,Тамбов,Tambov,Tambov,1,hflabs/city,52.73169,41.44326,290933,GeoNames (дата переписи в источнике не указана),0,1,PPLA
466806,RU,Россия,Russia,Марий Эл Респ,Йошкар-Ола,Yoshkar-Ola,Yoshkar-Ola,1,hflabs/city,56.63877,47.89078,279100,GeoNames (дата переписи в источнике не указана),0,1,PPLA
484907,RU,Россия,Russia,Ростовская обл,Таганрог,Taganrog,Taganrog,1,hflabs/city,47.23617,38.89688,279056,GeoNames (дата переписи в источнике не указана),0,0,PPL
543878,RU,Россия,Russia,Костромская обл,Кострома,Kostroma,Kostroma,1,hflabs/city,57.76647,40.92686,277656,GeoNames (дата переписи в источнике не указана),0,1,PPLA
2021851,RU,Россия,Russia,Хабаровский край,Комсомольск-на-Амуре,Komsomolsk-on-Amur,Komsomolsk-on-Amur,1,hflabs/city,50.55034,137.00995,275908,GeoNames (дата переписи в источнике не указана),0,0,PPLA2
523523,RU,Россия,Russia,Кабардино-Балкарская Респ,Нальчик,Nal’chik,Nal’chik,1,hflabs/city,43.49806,43.61889,272800,GeoNames (дата переписи в источнике не указана),0,1,PPLA
487495,RU,Россия,Russia,Башкортостан Респ,Стерлитамак,Sterlitamak,Sterlitamak,1,hflabs/city,53.62462,55.95015,267231,GeoNames (дата переписи в источнике не указана),0,0,PPL
509820,RU,Россия,Russia,Карелия Респ,Петрозаводск,Petrozavodsk,Petrozavodsk,1,hflabs/city,61.78491,34.34691,265025,GeoNames (дата переписи в источнике не указана),0,1,PPLA
2051523,RU,Россия,Russia,Иркутская обл,Братск,Bratsk,Bratsk,1,hflabs/city,56.13250,101.61417,256600,GeoNames (дата переписи в источнике не указана),0,0,PPLA2
514734,RU,Россия,Russia,Оренбургская обл,Орск,Orsk,Orsk,1,hflabs/city,51.20487,58.56685,246836,GeoNames (дата переписи в источнике не указана),0,0,PPL
1497543,RU,Россия,Russia,Ханты-Мансийский Автономный округ - Югра АО,Нижневартовск,Nizhnevartovsk,Nizhnevartovsk,1,hflabs/city,60.93440,76.55310,244937,GeoNames (дата переписи в источнике не указана),0,0,PPL
2027667,RU,Россия,Russia,Иркутская обл,Ангарск,Angarsk,Angarsk,1,hflabs/city,52.53667,103.88639,243158,GeoNames (дата переписи в источнике не указана),0,0,PPL
518255,RU,Россия,Russia,Краснодарский край,Новороссийск,Novorossiysk,Novorossiysk,1,hflabs/city,44.72439,37.76752,241856,GeoNames (дата переписи в источнике не указана),0,0,PPL
550280,RU,Россия,Russia,Московская обл,Химки,Khimki,Khimki,1,hflabs/city,55.89704,37.42969,239967,GeoNames (дата переписи в источнике не указана),0,0,PPL
2013159,RU,Россия,Russia,Саха /Якутия/ Респ,Якутск,Yakutsk,Yakutsk,1,hflabs/city,62.03389,129.73306,235600,GeoNames (дата переписи в источнике не указана),0,1,PPLA
521118,RU,Россия,Russia,Татарстан Респ,Нижнекамск,Nizhnekamsk,Nizhnekamsk,1,hflabs/city,55.63657,51.82447,234297,GeoNames (дата переписи в источнике не указана),0,0,PPL
563708,RU,Россия,Russia,Нижегородская обл,Дзержинск,Dzerzhinsk,Dzerzhinsk,1,hflabs/city,56.24143,43.45539,233126,GeoNames (дата переписи в источнике не указана),0,0,PPL
485239,RU,Россия,Russia,Коми Респ,Сыктывкар,Syktyvkar,Syktyvkar,1,hflabs/city,61.66400,50.81500,230139,GeoNames (дата переписи в источнике не указана),0,1,PPLA
487928,RU,Россия,Russia,Белгородская обл,Старый Оскол,Staryy Oskol,Staryy Oskol,1,hflabs/city,51.29667,37.84167,226977,GeoNames (дата переписи в источнике не указана),0,0,PPL
558418,RU,Россия,Russia,Чеченская Респ,Грозный,Groznyy,Groznyy,1,hflabs/city,43.31195,45.68895,226100,GeoNames (дата переписи в источнике не указана),0,1,PPLA
496015,RU,Россия,Russia,Ростовская обл,Шахты,Shakhty,Shakhty,1,hflabs/city,47.70911,40.21443,221312,GeoNames (дата переписи в источнике не указана),0,0,PPL
2026609,RU,Россия,Russia,Амурская обл,Благовещенск,Blagoveshchensk,Blagoveshchensk,1,hflabs/city,50.27961,127.54050,221296,GeoNames (дата переписи в источнике не указана),0,1,PPLA
1494114,RU,Россия,Russia,Кемеровская область - Кузбасс обл,Прокопьевск,Prokop’yevsk,Prokop’yevsk,1,hflabs/city,53.90590,86.71900,219000,GeoNames (дата переписи в источнике не указана),0,0,PPL
500004,RU,Россия,Russia,Ярославская обл,Рыбинск,Rybinsk,Rybinsk,1,hflabs/city,58.04460,38.84259,216724,GeoNames (дата переписи в источнике не указана),0,0,PPL
1510018,RU,Россия,Russia,Алтайский край,Бийск,Biysk,Biysk,1,hflabs/city,52.53639,85.20722,215430,GeoNames (дата переписи в источнике не указана),0,0,PPL
519336,RU,Россия,Russia,Новгородская обл,Великий Новгород,Velikiy Novgorod,Velikiy Novgorod,1,hflabs/city,58.52131,31.27104,215062,GeoNames (дата переписи в источнике не указана),0,1,PPLA
504341,RU,Россия,Russia,Псковская обл,Псков,Pskov,Pskov,1,hflabs/city,57.81360,28.34960,201990,GeoNames (дата переписи в источнике не указана),0,1,PPLA
579492,RU,Россия,Russia,Саратовская обл,Балаково,Balakovo,Balakovo,1,hflabs/city,52.02782,47.80070,199572,GeoNames (дата переписи в источнике не указана),0,0,PPL
580922,RU,Россия,Russia,Краснодарский край,Армавир,Armavir,Armavir,1,hflabs/city,44.98920,41.12340,199548,GeoNames (дата переписи в источнике не указана),0,0,PPL
563464,RU,Россия,Russia,Саратовская обл,Энгельс,Engel’s,Engel’s,1,hflabs/city,51.48389,46.10528,196011,GeoNames (дата переписи в источнике не указана),0,0,PPL
496285,RU,Россия,Russia,Архангельская обл,Северодвинск,Severodvinsk,Severodvinsk,1,hflabs/city,64.56350,39.83020,194292,GeoNames (дата переписи в источнике не указана),0,0,PPL
462444,RU,Россия,Russia,Челябинская обл,Златоуст,Zlatoust,Zlatoust,1,hflabs/city,55.17111,59.65083,191366,GeoNames (дата переписи в источнике не указана),0,0,PPL
484972,RU,Россия,Russia,Самарская обл,Сызрань,Syzran’,Syzran’,1,hflabs/city,53.15850,48.46810,189338,GeoNames (дата переписи в источнике не указана),0,0,PPL
2122104,RU,Россия,Russia,Камчатский край,Петропавловск-Камчатский,Petropavlovsk-Kamchatsky,Petropavlovsk-Kamchatsky,1,hflabs/city,53.04444,158.65076,187282,GeoNames (дата переписи в источнике не указана),0,1,PPLA
1504826,RU,Россия,Russia,Свердловская обл,Каменск-Уральский,Kamensk-Ural’skiy,Kamensk-Ural’skiy,1,hflabs/city,56.41850,61.93290,182500,GeoNames (дата переписи в источнике не указана),0,0,PPL
508101,RU,Россия,Russia,Московская обл,Подольск,Podolsk,Podolsk,1,hflabs/city,55.42419,37.55472,179400,GeoNames (дата переписи в источнике не указана),0,0,PPL
2119441,RU,Россия,Russia,Сахалинская обл,Южно-Сахалинск,Yuzhno-Sakhalinsk,Yuzhno-Sakhalinsk,1,hflabs/city,46.95407,142.73603,176484,GeoNames (дата переписи в источнике не указана),0,1,PPLA
577206,RU,Россия,Russia,Пермский край,Березники,Berezniki,Berezniki,1,hflabs/city,59.40910,56.82040,167748,GeoNames (дата переписи в источнике не указана),0,0,PPL
472761,RU,Россия,Russia,Ростовская обл,Волгодонск,Volgodonsk,Volgodonsk,1,hflabs/city,47.51361,42.15139,167731,GeoNames (дата переписи в источнике не указана),0,0,PPL
1498894,RU,Россия,Russia,Челябинская обл,Миасс,Miass,Miass,1,hflabs/city,55.04500,60.10833,167500,GeoNames (дата переписи в источнике не указана),0,0,PPL
1512236,RU,Россия,Russia,Хакасия Респ,Абакан,Abakan,Abakan,1,hflabs/city,53.71556,91.42917,167289,GeoNames (дата переписи в источнике не указана),0,1,PPLA
518970,RU,Россия,Russia,Ростовская обл,Новочеркасск,Novocherkassk,Novocherkassk,1,hflabs/city,47.42096,40.09185,166974,GeoNames (дата переписи в источнике не указана),0,0,PPL
523064,RU,Россия,Russia,Ингушетия Респ,Назрань,Nazran’,Nazran’,1,hflabs/city,43.22597,44.77323,164131,GeoNames (дата переписи в источнике не указана),0,0,PPL
1493467,RU,Россия,Russia,Алтайский край,Рубцовск,Rubtsovsk,Rubtsovsk,1,hflabs/city,51.51473,81.20613,161065,GeoNames (дата переписи в источнике не указана),0,0,PPL
523812,RU,Россия,Russia,Московская обл,Мытищи,Mytishchi,Mytishchi,1,hflabs/city,55.91163,37.73076,160542,GeoNames (дата переписи в источнике не указана),0,0,PPL
499292,RU,Россия,Russia,Башкортостан Респ,Салават,Salavat,Salavat,1,hflabs/city,53.38365,55.90773,159893,GeoNames (дата переписи в источнике не указана),0,0,PPL
2014006,RU,Россия,Russia,Приморский край,Уссурийск,Ussuriysk,Ussuriysk,1,hflabs/city,43.80291,131.94578,157068,GeoNames (дата переписи в источнике не указана),0,0,PPL
532615,RU,Россия,Russia,Московская обл,Люберцы,Lyubertsy,Lyubertsy,1,hflabs/city,55.67719,37.89322,154650,GeoNames (дата переписи в источнике не указана),0,0,PPL
543460,RU,Россия,Russia,Владимирская обл,Ковров,Kovrov,Kovrov,1,hflabs/city,56.35722,41.31917,154224,GeoNames (дата переписи в источнике не указана),0,0,PPL
579464,RU,Россия,Russia,Московская обл,Балашиха,Balashikha,Balashikha,1,hflabs/city,55.80945,37.95806,150103,GeoNames (дата переписи в источнике не указана),0,0,PPL
546230,RU,Россия,Russia,Московская обл,Коломна,Kolomna,Kolomna,1,hflabs/city,55.07944,38.77833,147690,GeoNames (дата переписи в источнике не указана),0,0,PPL
2019528,RU,Россия,Russia,Приморский край,Находка,Nakhodka,Nakhodka,1,hflabs/city,42.81384,132.87348,146920,GeoNames (дата переписи в источнике не указана),0,0,PPL
563523,RU,Россия,Russia,Московская обл,Электросталь,Elektrostal’,Elektrostal’,1,hflabs/city,55.78959,38.44671,144387,GeoNames (дата переписи в источнике не указана),0,0,PPL
528293,RU,Россия,Russia,Адыгея Респ,Майкоп,Maykop,Maykop,1,hflabs/city,44.60778,40.10583,144055,GeoNames (дата переписи в источнике не указана),0,1,PPLA
503550,RU,Россия,Russia,Ставропольский край,Пятигорск,Pyatigorsk,Pyatigorsk,1,hflabs/city,44.04861,43.05944,142865,GeoNames (дата переписи в источнике не указана),0,0,PPL
1497337,RU,Россия,Russia,Красноярский край,Норильск,Norilsk,Norilsk,1,hflabs/city,69.35350,88.20270,140800,GeoNames (дата переписи в источнике не указана),0,0,PPL
582432,RU,Россия,Russia,Татарстан Респ,Альметьевск,Al’met’yevsk,Al’met’yevsk,1,hflabs/city,54.90442,52.31540,140437,GeoNames (дата переписи в источнике не указана),0,0,PPL
554233,RU,Россия,Russia,Московская обл,Королёв,Korolev,Korolev,1,hflabs/city,55.91417,37.82556,139798,GeoNames (дата переписи в источнике не указана),0,0,PPLA2
516215,RU,Россия,Russia,Московская обл,Одинцово,Odintsovo,Odintsovo,1,hflabs/city,55.67798,37.27773,137041,GeoNames (дата переписи в источнике не указана),0,0,PPL
522377,RU,Россия,Russia,Ставропольский край,Невинномысск,Nevinnomyssk,Nevinnomyssk,1,hflabs/city,44.63330,41.94440,134345,GeoNames (дата переписи в источнике не указана),0,0,PPL
510808,RU,Россия,Russia,Свердловская обл,Первоуральск,Pervoural’sk,Pervoural’sk,1,hflabs/city,56.90528,59.94361,133600,GeoNames (дата переписи в источнике не указана),0,0,PPL
548114,RU,Россия,Russia,Ставропольский край,Кисловодск,Kislovodsk,Kislovodsk,1,hflabs/city,43.91333,42.72083,132771,GeoNames (дата переписи в источнике не указана),0,0,PPL
566199,RU,Россия,Russia,Ульяновская обл,Димитровград,Dimitrovgrad,Dimitrovgrad,1,hflabs/city,54.21386,49.61838,132226,GeoNames (дата переписи в источнике не указана),0,0,PPL
518557,RU,Россия,Russia,Тульская обл,Новомосковск,Novomoskovsk,Novomoskovsk,1,hflabs/city,54.01050,38.28460,130982,GeoNames (дата переписи в источнике не указана),0,0,PPL
553287,RU,Россия,Russia,Волгоградская обл,Камышин,Kamyshin,Kamyshin,1,hflabs/city,50.09833,45.41601,128626,GeoNames (дата переписи в источнике не указана),0,0,PPL
518976,RU,Россия,Russia,Чувашская Республика Чувашия,Новочебоксарск,Novocheboksarsk,Novocheboksarsk,1,hflabs/city,56.11095,47.47755,128468,GeoNames (дата переписи в источнике не указана),0,0,PPL
496527,RU,Россия,Russia,Московская обл,Серпухов,Serpukhov,Serpukhov,1,hflabs/city,54.91578,37.41114,128158,GeoNames (дата переписи в источнике не указана),0,0,PPL
524294,RU,Россия,Russia,Владимирская обл,Муром,Murom,Murom,1,hflabs/city,55.57500,42.04260,126931,GeoNames (дата переписи в источнике не указана),0,0,PPL
550478,RU,Россия,Russia,Дагестан Респ,Хасавюрт,Khasavyurt,Khasavyurt,1,hflabs/city,43.25090,46.58766,126829,GeoNames (дата переписи в источнике не указана),0,0,PPLA2
522942,RU,Россия,Russia,Башкортостан Респ,Нефтекамск,Neftekamsk,Neftekamsk,1,hflabs/city,56.09200,54.26610,126805,GeoNames (дата переписи в источнике не указана),0,0,PPL
515024,RU,Россия,Russia,Московская обл,Орехово-Зуево,Orekhovo-Zuyevo,Orekhovo-Zuyevo,1,hflabs/city,55.80672,38.96178,120000,GeoNames (дата переписи в источнике не указана),0,0,PPL
1512165,RU,Россия,Russia,Красноярский край,Ачинск,Achinsk,Achinsk,1,hflabs/city,56.26940,90.49930,117634,GeoNames (дата переписи в источнике не указана),0,0,PPL
569154,RU,Россия,Russia,Карачаево-Черкесская Респ,Черкесск,Cherkessk,Cherkessk,1,hflabs/city,44.22333,42.05778,116224,GeoNames (дата переписи в источнике не указана),0,1,PPLA
520068,RU,Россия,Russia,Московская обл,Ногинск,Noginsk,Noginsk,1,hflabs/city,55.86647,38.44380,115979,GeoNames (дата переписи в источнике не указана),0,0,PPL
467978,RU,Россия,Russia,Липецкая обл,Елец,Yelets,Yelets,1,hflabs/city,52.62366,38.50169,115688,GeoNames (дата переписи в источнике не указана),0,0,PPL
1489530,RU,Россия,Russia,Тюменская обл,Тобольск,Tobol’sk,Tobol’sk,1,hflabs/city,58.19807,68.25457,113800,GeoNames (дата переписи в источнике не указана),0,0,PPL
495344,RU,Россия,Russia,Московская обл,Щёлково,Shchelkovo,Shchelkovo,1,hflabs/city,55.92497,37.97218,113000,GeoNames (дата переписи в источнике не указана),0,0,PPL
1497917,RU,Россия,Russia,Ханты-Мансийский Автономный округ - Югра АО,Нефтеюганск,Nefteyugansk,Nefteyugansk,1,hflabs/city,61.09979,72.60349,112632,GeoNames (дата переписи в источнике не указана),0,0,PPL
518659,RU,Россия,Russia,Самарская обл,Новокуйбышевск,Novokuybyshevsk,Novokuybyshevsk,1,hflabs/city,53.09590,49.94620,111800,GeoNames (дата переписи в источнике не указана),0,0,PPL
1496503,RU,Россия,Russia,Ямало-Ненецкий АО,Ноябрьск,Noyabrsk,Noyabrsk,1,hflabs/city,63.19309,75.43728,110000,GeoNames (дата переписи в источнике не указана),0,0,PPL
578740,RU,Россия,Russia,Ростовская обл,Батайск,Bataysk,Bataysk,1,hflabs/city,47.13975,39.75181,109962,GeoNames (дата переписи в источнике не указана),0,0,PPL
1538637,RU,Россия,Russia,Томская обл,Северск,Seversk,Seversk,1,hflabs/city,56.60056,84.88639,109844,GeoNames (дата переписи в источнике не указана),0,0,PPL
580724,RU,Россия,Russia,Нижегородская обл,Арзамас,Arzamas,Arzamas,1,hflabs/city,55.39485,43.83992,109479,GeoNames (дата переписи в источнике не указана),0,0,PPL
496638,RU,Россия,Russia,Московская обл,Сергиев Посад,Sergiyev Posad,Sergiyev Posad,1,hflabs/city,56.30000,38.13333,109252,GeoNames (дата переписи в источнике не указана),0,0,PPL
1500665,RU,Россия,Russia,Кемеровская область - Кузбасс обл,Ленинск-Кузнецкий,Leninsk-Kuznetsky,Leninsk-Kuznetsky,1,hflabs/city,54.65670,86.17370,109023,GeoNames (дата переписи в источнике не указана),0,0,PPL
1500973,RU,Россия,Russia,Тыва Респ,Кызыл,Kyzyl,Kyzyl,1,hflabs/city,51.71081,94.45338,108240,GeoNames (дата переписи в источнике не указана),0,1,PPLA
515879,RU,Россия,Russia,Башкортостан Респ,Октябрьский,Oktyabr’skiy,Oktyabr’skiy,1,hflabs/city,54.48147,53.47103,108200,GeoNames (дата переписи в источнике не указана),0,0,PPL
516436,RU,Россия,Russia,Калужская обл,Обнинск,Obninsk,Obninsk,1,hflabs/city,55.09681,36.61006,107392,GeoNames (дата переписи в источнике не указана),0,0,PPL
563514,RU,Россия,Russia,Калмыкия Респ,Элиста,Elista,Elista,1,hflabs/city,46.30778,44.25583,106971,GeoNames (дата переписи в источнике не указана),0,1,PPLA
517836,RU,Россия,Russia,Оренбургская обл,Новотроицк,Novotroitsk,Novotroitsk,1,hflabs/city,51.20301,58.32665,106186,GeoNames (дата переписи в источнике не указана),0,0,PPL
566532,RU,Россия,Russia,Дагестан Респ,Дербент,Derbent,Derbent,1,hflabs/city,42.06779,48.28987,105965,GeoNames (дата переписи в источнике не указана),0,0,PPLA2
1503277,RU,Россия,Russia,Кемеровская область - Кузбасс обл,Киселевск,Kiselëvsk,Kiselëvsk,1,hflabs/city,53.99000,86.66210,104000,GeoNames (дата переписи в источнике не указана),0,0,PPL
476077,RU,Россия,Russia,Псковская обл,Великие Луки,Velikiye Luki,Velikiye Luki,1,hflabs/city,56.34000,30.54517,103149,GeoNames (дата переписи в источнике не указана),0,0,PPL
503977,RU,Россия,Russia,Московская обл,Пушкино,Pushkino,Pushkino,1,hflabs/city,56.01722,37.86667,102816,GeoNames (дата переписи в источнике не указана),0,0,PPL
2027456,RU,Россия,Russia,Приморский край,Артем,Artëm,Artëm,1,hflabs/city,43.35950,132.18887,102300,GeoNames (дата переписи в источнике не указана),0,0,PPL
479411,RU,Россия,Russia,Коми Респ,Ухта,Ukhta,Ukhta,1,hflabs/city,63.56705,53.68348,102187,GeoNames (дата переписи в источнике не указана),0,0,PPL
1504682,RU,Россия,Russia,Красноярский край,Канск,Kansk,Kansk,1,hflabs/city,56.20167,95.71750,101502,GeoNames (дата переписи в источнике не указана),0,0,PPL
1498920,RU,Россия,Russia,Кемеровская область - Кузбасс обл,Междуреченск,Mezhdurechensk,Mezhdurechensk,1,hflabs/city,53.69417,88.06028,101026,GeoNames (дата переписи в источнике не указана),0,0,PPL
491023,RU,Россия,Russia,Пермский край,Соликамск,Solikamsk,Solikamsk,1,hflabs/city,59.63160,56.76850,100812,GeoNames (дата переписи в источнике не указана),0,0,PPL
561347,RU,Россия,Russia,Удмуртская Респ,Глазов,Glazov,Glazov,1,hflabs/city,58.13930,52.65800,100676,GeoNames (дата переписи в источнике не указана),0,0,PPL
2013952,RU,Россия,Russia,Иркутская обл,Усть-Илимск,Ust’-Ilimsk,Ust’-Ilimsk,1,hflabs/city,58.00056,102.66194,100271,GeoNames (дата переписи в источнике не указана),0,0,PPL
2123628,RU,Россия,Russia,Магаданская обл,Магадан,Magadan,Magadan,1,hflabs/city,59.56380,150.80347,95282,GeoNames (дата переписи в источнике не указана),0,1,PPLA
2026643,RU,Россия,Russia,Еврейская Аобл,Биробиджан,Birobidzhan,Birobidzhan,1,hflabs/city,48.79284,132.92386,76146,GeoNames (дата переписи в источнике не указана),0,1,PPLA
1503772,RU,Россия,Russia,Ханты-Мансийский Автономный округ - Югра АО,Ханты-Мансийск,Khanty-Mansiysk,Khanty-Mansiysk,1,hflabs/city,61.00417,69.00194,67800,GeoNames (дата переписи в источнике не указана),0,1,PPLA
1506271,RU,Россия,Russia,Алтай Респ,Горно-Алтайск,Gorno-Altaysk,Gorno-Altaysk,1,hflabs/city,51.96056,85.91892,54917,GeoNames (дата переписи в источнике не указана),0,1,PPLA
1493197,RU,Россия,Russia,Ямало-Ненецкий АО,Салехард,Salekhard,Salekhard,1,hflabs/city,66.53000,66.60194,38025,GeoNames (дата переписи в источнике не указана),0,1,PPLA
523392,RU,Россия,Russia,Ненецкий АО,Нарьян-Мар,Nar'yan-Mar,Nar'yan-Mar,1,hflabs/city,67.63869,53.00371,18041,GeoNames (дата переписи в источнике не указана),0,1,PPLA
2127202,RU,Россия,Russia,Чукотский АО,Анадырь,Anadyr,Anadyr,1,hflabs/city,64.73424,177.51030,10332,GeoNames (дата переписи в источнике не указана),0,1,PPLA
6313621,RU,Россия,Russia,Ингушетия Респ,Магас,Magas,Magas,1,hflabs/city,43.22257,44.77261,2502,GeoNames (дата переписи в источнике не указана),0,1,PPLA
542374,RU,Россия,Russia,Московская обл,Красногорск,Krasnogorsk,Krasnogorsk,1,вручную: место размещения правительства Московской области,55.82036,37.33017,,,0,1,PPLA
561887,RU,Россия,Russia,Ленинградская обл,Гатчина,Gatchina,Gatchina,1,вручную: административный центр Ленинградской области с 2021 г.,59.57639,30.12833,,,0,1,PPLA
625144,BY,Беларусь,Belarus,,Минск,Minsk,Minsk,1,проверено вручную,53.90000,27.56667,1996730,"Белстат, на 01.01.2025",1,1,PPLC
627907,BY,Беларусь,Belarus,,Гомель,Homyel',Homyel',1,проверено вручную,52.43450,30.97540,480951,GeoNames (дата переписи в источнике не указана),0,1,PPLA
625665,BY,Беларусь,Belarus,,Могилев,Mahilyow,Mahilyow,1,проверено вручную,53.91680,30.34490,369200,GeoNames (дата переписи в источнике не указана),0,1,PPLA
620127,BY,Беларусь,Belarus,,Витебск,Vitebsk,Vitebsk,1,проверено вручную,55.19040,30.20490,342700,GeoNames (дата переписи в источнике не указана),0,1,PPLA
627904,BY,Беларусь,Belarus,,Гродно,Hrodna,Hrodna,1,проверено вручную,53.68840,23.82580,317365,GeoNames (дата переписи в источнике не указана),0,1,PPLA
629634,BY,Беларусь,Belarus,,Брест,Brest,Brest,1,проверено вручную,52.09755,23.68775,300715,GeoNames (дата переписи в источнике не указана),0,1,PPLA
630468,BY,Беларусь,Belarus,,Бобруйск,Babruysk,Babruysk,1,проверено вручную,53.13840,29.22140,220517,GeoNames (дата переписи в источнике не указана),0,0,PPLA2
630429,BY,Беларусь,Belarus,,Барановичи,Baranovichi,Baranovichi,1,проверено вручную,53.13270,26.01390,168772,GeoNames (дата переписи в источнике не указана),0,0,PPLA2
630376,BY,Беларусь,Belarus,,Борисов,Barysaw,Barysaw,1,проверено вручную,54.22790,28.50500,143919,GeoNames (дата переписи в источнике не указана),0,0,PPLA2
623549,BY,Беларусь,Belarus,,Пинск,Pinsk,Pinsk,1,проверено вручную,52.12290,26.09510,130777,GeoNames (дата переписи в источнике не указана),0,0,PPLA2
624079,BY,Беларусь,Belarus,,Орша,Orsha,Orsha,1,проверено вручную,54.50810,30.41720,125347,GeoNames (дата переписи в источнике не указана),0,0,PPLA2
625324,BY,Беларусь,Belarus,,Мозырь,Mazyr,Mazyr,1,проверено вручную,52.04950,29.24560,112137,GeoNames (дата переписи в источнике не указана),0,0,PPLA2
622428,BY,Беларусь,Belarus,,Солигорск,Salihorsk,Salihorsk,1,проверено вручную,52.78760,27.54150,101614,GeoNames (дата переписи в источнике не указана),0,0,PPLA2
625625,BY,Беларусь,Belarus,,Молодечно,Maladzyechna,Maladzyechna,1,проверено вручную,54.31670,26.85400,101300,GeoNames (дата переписи в источнике не указана),0,0,PPLA2
624784,BY,Беларусь,Belarus,,Новополоцк,Navapolatsk,Navapolatsk,1,проверено вручную,55.53180,28.59870,100885,GeoNames (дата переписи в источнике не указана),0,0,PPL
1526384,KZ,Казахстан,Kazakhstan,,Алматы,Almaty,Almaty,1,проверено вручную,43.25667,76.92861,2292333,"Бюро нацстатистики РК, на 01.01.2025",0,1,PPLA
609655,KZ,Казахстан,Kazakhstan,,Караганда,Karagandy,Karagandy,1,проверено вручную,49.80187,73.10211,451800,GeoNames (дата переписи в источнике не указана),0,1,PPLA
1518980,KZ,Казахстан,Kazakhstan,,Шымкент,Shymkent,Shymkent,1,проверено вручную,42.30000,69.60000,1256263,"Бюро нацстатистики РК, на 01.01.2025",0,1,PPLA
1516905,KZ,Казахстан,Kazakhstan,,Тараз,Taraz,Taraz,1,проверено вручную,42.90000,71.36667,358153,GeoNames (дата переписи в источнике не указана),0,1,PPLA
1526273,KZ,Казахстан,Kazakhstan,,Астана,Astana,Nur-Sultan,1,проверено вручную,51.18010,71.44598,1528887,"Бюро нацстатистики РК, на 01.01.2025",1,1,PPLC
1520240,KZ,Казахстан,Kazakhstan,,Павлодар,Pavlodar,Pavlodar,1,проверено вручную,52.28333,76.96667,329002,GeoNames (дата переписи в источнике не указана),0,1,PPLA
1520316,KZ,Казахстан,Kazakhstan,,Усть-Каменогорск,Ust-Kamenogorsk,Ust-Kamenogorsk,1,проверено вручную,49.97143,82.60586,319067,GeoNames (дата переписи в источнике не указана),0,1,PPLA
1519922,KZ,Казахстан,Kazakhstan,,Кызылорда,Kyzylorda,Kyzylorda,1,проверено вручную,44.85278,65.50917,300000,GeoNames (дата переписи в источнике не указана),0,1,PPLA
1519422,KZ,Казахстан,Kazakhstan,,Семей,Semey,Semey,1,проверено вручную,50.42675,80.26669,292780,GeoNames (дата переписи в источнике не указана),0,0,PPL
610611,KZ,Казахстан,Kazakhstan,,Актобе,Aktobe,Aktobe,1,проверено вручную,50.27969,57.20718,262457,GeoNames (дата переписи в источнике не указана),0,1,PPLA
1519928,KZ,Казахстан,Kazakhstan,,Костанай,Kostanay,Kostanay,1,проверено вручную,53.21435,63.62463,210000,GeoNames (дата переписи в источнике не указана),0,1,PPLA
1520172,KZ,Казахстан,Kazakhstan,,Петропавловск,Petropavl,Petropavl,1,проверено вручную,54.86667,69.15000,200920,GeoNames (дата переписи в источнике не указана),0,1,PPLA
608668,KZ,Казахстан,Kazakhstan,,Уральск,Oral,Oral,1,проверено вручную,51.23333,51.36667,200000,GeoNames (дата переписи в источнике не указана),0,1,PPLA
610529,KZ,Казахстан,Kazakhstan,,Атырау,Atyrau,Atyrau,1,проверено вручную,47.11667,51.88333,180000,GeoNames (дата переписи в источнике не указана),0,1,PPLA
1518262,KZ,Казахстан,Kazakhstan,,Темиртау,Temirtau,Temirtau,1,проверено вручную,50.05494,72.96464,170600,GeoNames (дата переписи в источнике не указана),0,0,PPL
610612,KZ,Казахстан,Kazakhstan,,Актау,Aktau,Aktau,1,проверено вручную,43.65000,51.16667,147443,GeoNames (дата переписи в источнике не указана),0,1,PPLA
1522203,KZ,Казахстан,Kazakhstan,,Кокшетау,Kokshetau,Kokshetau,1,проверено вручную,53.28333,69.40000,124444,GeoNames (дата переписи в источнике не указана),0,1,PPLA
1519843,KZ,Казахстан,Kazakhstan,,Рудный,Rudnyy,Rudnyy,1,проверено вручную,52.97290,63.11677,124000,GeoNames (дата переписи в источнике не указана),0,0,PPL
1524325,KZ,Казахстан,Kazakhstan,,Экибастуз,Ekibastuz,Ekibastuz,1,проверено вручную,51.72371,75.32287,121470,GeoNames (дата переписи в источнике не указана),0,0,PPL
1518542,KZ,Казахстан,Kazakhstan,,Талдыкорган,Taldykorgan,Taldykorgan,1,проверено вручную,45.01556,78.37389,116558,GeoNames (дата переписи в источнике не указана),0,1,PPLA
1516589,KZ,Казахстан,Kazakhstan,,Жезказган,Zhezqazghan,Zhezqazghan,1,проверено вручную,47.78333,67.76667,104357,GeoNames (дата переписи в источнике не указана),0,0,PPL
607610,KZ,Казахстан,Kazakhstan,,Жанаозен,Zhanaozen,Zhanaozen,1,проверено вручную,43.34116,52.86192,103598,GeoNames (дата переписи в источнике не указана),0,0,PPL
1517945,KZ,Казахстан,Kazakhstan,,Туркестан,Turkestan,Turkestan,1,проверено вручную,43.29733,68.25175,97360,GeoNames (дата переписи в источнике не указана),0,1,PPLA
1521368,KZ,Казахстан,Kazakhstan,,Байконур,Baikonur,Baikonur,1,проверено вручную,45.61667,63.31667,70000,GeoNames (дата переписи в источнике не указана),0,1,PPLA
616052,AM,Армения,Armenia,,Ереван,Yerevan,Yerevan,1,проверено вручную,40.18111,44.51361,1142400,"Armstat, на 01.01.2025",1,1,PPLC
616635,AM,Армения,Armenia,,Гюмри,Gyumri,Gyumri,1,проверено вручную,40.79420,43.84528,148381,GeoNames (дата переписи в источнике не указана),0,1,PPLA
616530,AM,Армения,Armenia,,Ванадзор,Vanadzor,Vanadzor,1,проверено вручную,40.80456,44.49390,101098,GeoNames (дата переписи в источнике не указана),0,1,PPLA
616629,AM,Армения,Armenia,,Раздан,Hrazdan,Hrazdan,1,проверено вручную,40.49748,44.76620,40795,GeoNames (дата переписи в источнике не указана),0,1,PPLA
174875,AM,Армения,Armenia,,Капан,Kapan,Kapan,1,проверено вручную,39.20755,46.40576,33160,GeoNames (дата переписи в источнике не указана),0,1,PPLA
616631,AM,Армения,Armenia,,Армавир,Armavir,Armavir,1,проверено вручную,40.15446,44.03815,25963,GeoNames (дата переписи в источнике не указана),0,1,PPLA
616599,AM,Армения,Armenia,,Гавар,Gavarr,Gavarr,1,проверено вручную,40.35398,45.12386,21680,GeoNames (дата переписи в источнике не указана),0,1,PPLA
174979,AM,Армения,Armenia,,Арташат,Artashat,Artashat,1,проверено вручную,39.96144,44.54447,20562,GeoNames (дата переписи в источнике не указана),0,1,PPLA
616877,AM,Армения,Armenia,,Аштарак,Ashtarak,Ashtarak,1,проверено вручную,40.29910,44.36204,18779,GeoNames (дата переписи в источнике не указана),0,1,PPLA
616627,AM,Армения,Armenia,,Иджеван,Ijevan,Ijevan,1,проверено вручную,40.87877,45.14851,14737,GeoNames (дата переписи в источнике не указана),0,1,PPLA
174710,AM,Армения,Armenia,,Ехегнадзор,Yeghegnadzor,Yeghegnadzor,1,проверено вручную,39.76389,45.33239,8200,GeoNames (дата переписи в источнике не указана),0,1,PPLA
587084,AZ,Азербайджан,Azerbaijan,,Баку,Baku,Baku,1,проверено вручную,40.37767,49.89201,2400000,"Госкомстат Азербайджана, начало 2025 (≈2,4 млн)",1,1,PPLC
586523,AZ,Азербайджан,Azerbaijan,,Гянджа,Ganja,Ganja,1,проверено вручную,40.68278,46.36056,313300,GeoNames (дата переписи в источнике не указана),0,1,PPLA
584923,AZ,Азербайджан,Azerbaijan,,Сумгайыт,Sumqayıt,Sumqayıt,1,проверено вручную,40.58972,49.66861,265150,GeoNames (дата переписи в источнике не указана),0,1,PPLA
147622,AZ,Азербайджан,Azerbaijan,,Ленкорань,Lankaran,Lankaran,1,проверено вручную,38.75428,48.85062,240300,GeoNames (дата переписи в источнике не указана),0,1,PPLA
584649,AZ,Азербайджан,Azerbaijan,,Евлах,Yevlakh,Yevlakh,1,проверено вручную,40.61832,47.15014,127400,GeoNames (дата переписи в источнике не указана),0,1,PPLA
585514,AZ,Азербайджан,Azerbaijan,,Мингечевир,Mingelchaur,Mingelchaur,1,проверено вручную,40.76395,47.05953,95453,GeoNames (дата переписи в источнике не указана),0,1,PPLA
147288,AZ,Азербайджан,Azerbaijan,,Саатлы,Saatlı,Saatlı,1,проверено вручную,39.93214,48.36892,87000,GeoNames (дата переписи в источнике не указана),0,1,PPLA
148565,AZ,Азербайджан,Azerbaijan,,Ширван,Şirvan,Şirvan,1,проверено вручную,39.93778,48.92900,70220,GeoNames (дата переписи в источнике не указана),0,1,PPLA
147429,AZ,Азербайджан,Azerbaijan,,Нахичевань,Nakhchivan,Nakhchivan,1,проверено вручную,39.20889,45.41222,64754,GeoNames (дата переписи в источнике не указана),0,1,PPLA
585170,AZ,Азербайджан,Azerbaijan,,Шеки,Sheki,Sheki,1,проверено вручную,41.19194,47.17056,63000,GeoNames (дата переписи в источнике не указана),0,1,PPLA
148619,AZ,Азербайджан,Azerbaijan,,Агдам,Ağdam,Ağdam,1,проверено вручную,39.99096,46.92736,39451,GeoNames (дата переписи в источнике не указана),0,1,PPLA
585915,AZ,Азербайджан,Azerbaijan,,Хырдалан,Khirdalan,Khirdalan,1,проверено вручную,40.44808,49.75502,37949,GeoNames (дата переписи в источнике не указана),0,1,PPLA
587057,AZ,Азербайджан,Azerbaijan,,Барда,Barda,Barda,1,проверено вручную,40.37577,47.12619,37372,GeoNames (дата переписи в источнике не указана),0,1,PPLA
584717,AZ,Азербайджан,Azerbaijan,,Хачмаз,Xaçmaz,Xaçmaz,1,проверено вручную,41.46426,48.80565,37175,GeoNames (дата переписи в источнике не указана),0,1,PPLA
147271,AZ,Азербайджан,Azerbaijan,,Сальяны,Salyan,Salyan,1,проверено вручную,39.59621,48.98479,36555,GeoNames (дата переписи в источнике не указана),0,1,PPLA
148290,AZ,Азербайджан,Azerbaijan,,Джалилабад,Jalilabad,Jalilabad,1,проверено вручную,39.20963,48.49186,36259,GeoNames (дата переписи в источнике не указана),0,1,PPLA
585152,AZ,Азербайджан,Azerbaijan,,Шамкир,Shamkhor,Shamkhor,1,проверено вручную,40.82975,46.01780,35421,GeoNames (дата переписи в источнике не указана),0,1,PPLA
586427,AZ,Азербайджан,Azerbaijan,,Геокчай,Geoktschai,Geoktschai,1,проверено вручную,40.65055,47.74219,35348,GeoNames (дата переписи в источнике не указана),0,1,PPLA
587384,AZ,Азербайджан,Azerbaijan,,Агджабеди,Agdzhabedy,Agdzhabedy,1,проверено вручную,40.05015,47.45937,34989,GeoNames (дата переписи в источнике не указана),0,1,PPLA
147982,AZ,Азербайджан,Azerbaijan,,Имишли,Imishli,Imishli,1,проверено вручную,39.87095,48.05995,34178,GeoNames (дата переписи в источнике не указана),0,1,PPLA
585156,AZ,Азербайджан,Azerbaijan,,Шемаха,Shamakhi,Shamakhi,1,проверено вручную,40.63141,48.64137,29403,GeoNames (дата переписи в источнике не указана),0,1,PPLA
585187,AZ,Азербайджан,Azerbaijan,,Сабирабад,Sabirabad,Sabirabad,1,проверено вручную,40.00869,48.47701,28075,GeoNames (дата переписи в источнике не указана),0,1,PPLA
148106,AZ,Азербайджан,Azerbaijan,,Физули,Fizuli,Fizuli,1,проверено вручную,39.60094,47.14529,26765,GeoNames (дата переписи в источнике не указана),0,1,PPLA
587378,AZ,Азербайджан,Azerbaijan,,Агдаш,Ağdaş,Ağdaş,1,проверено вручную,40.64699,47.47380,23528,GeoNames (дата переписи в источнике не указана),0,1,PPLA
586763,AZ,Азербайджан,Azerbaijan,,Шабран,Shabran,Divichibazar,1,проверено вручную,41.20117,48.98712,23248,GeoNames (дата переписи в источнике не указана),0,1,PPLA
585225,AZ,Азербайджан,Azerbaijan,,Гаджигабул,Hacıqabul,Hacıqabul,1,проверено вручную,40.03874,48.94286,23102,GeoNames (дата переписи в источнике не указана),0,1,PPLA
585221,AZ,Азербайджан,Azerbaijan,,Губа,Quba,Quba,1,проверено вручную,41.36108,48.51341,22405,GeoNames (дата переписи в источнике не указана),0,1,PPLA
585763,AZ,Азербайджан,Azerbaijan,,Кюрдамир,Kyurdarmir,Kyurdarmir,1,проверено вручную,40.34257,48.15649,19088,GeoNames (дата переписи в источнике не указана),0,1,PPLA
585226,AZ,Азербайджан,Azerbaijan,,Газах,Qazax,Qazax,1,проверено вручную,41.09246,45.36561,18903,GeoNames (дата переписи в источнике не указана),0,1,PPLA
147105,AZ,Азербайджан,Azerbaijan,,Шуша,Shushi,Shushi,1,проверено вручную,39.76006,46.74989,18662,GeoNames (дата переписи в источнике не указана),0,1,PPLA
147425,AZ,Азербайджан,Azerbaijan,,Нефтчала,Neftçala,Neftçala,1,проверено вручную,39.37680,49.24700,18661,GeoNames (дата переписи в источнике не указана),0,1,PPLA
584596,AZ,Азербайджан,Azerbaijan,,Закатала,Zaqatala,Zaqatala,1,проверено вручную,41.63160,46.64479,18277,GeoNames (дата переписи в источнике не указана),0,1,PPLA
584871,AZ,Азербайджан,Azerbaijan,,Тертер,Terter,Terter,1,проверено вручную,40.34201,46.93161,18185,GeoNames (дата переписи в источнике не указана),0,1,PPLA
148340,AZ,Азербайджан,Azerbaijan,,Билясувар,Bilasuvar,Pushkino,1,проверено вручную,39.45833,48.54500,18182,GeoNames (дата переписи в источнике не указана),0,1,PPLA
584716,AZ,Азербайджан,Azerbaijan,,Гёйгёль,Goygol,Yelenendorf,1,проверено вручную,40.58584,46.31890,17816,GeoNames (дата переписи в источнике не указана),0,1,PPLA
587361,AZ,Азербайджан,Azerbaijan,,Агсу,Aghsu,Aghsu,1,проверено вручную,40.57028,48.40087,17209,GeoNames (дата переписи в источнике не указана),0,1,PPLA
585220,AZ,Азербайджан,Azerbaijan,,Гусар,Qusar,Qusar,1,проверено вручную,41.42750,48.43020,16022,GeoNames (дата переписи в источнике не указана),0,1,PPLA
584791,AZ,Азербайджан,Azerbaijan,,Уджар,Ujar,Ujar,1,проверено вручную,40.51902,47.65423,15741,GeoNames (дата переписи в источнике не указана),0,1,PPLA
148354,AZ,Азербайджан,Azerbaijan,,Бейлаган,Beylagan,Beylagan,1,проверено вручную,39.77556,47.61861,15599,GeoNames (дата переписи в источнике не указана),0,1,PPLA
148445,AZ,Азербайджан,Azerbaijan,,Астара,Astara,Astara,1,проверено вручную,38.45598,48.87498,15190,GeoNames (дата переписи в источнике не указана),0,1,PPLA
586318,AZ,Азербайджан,Azerbaijan,,Исмаиллы,İsmayıllı,İsmayıllı,1,проверено вручную,40.78485,48.15141,13610,GeoNames (дата переписи в источнике не указана),0,1,PPLA
584821,AZ,Азербайджан,Azerbaijan,,Товуз,Tovuz,Tovuz,1,проверено вручную,40.99249,45.62838,12626,GeoNames (дата переписи в источнике не указана),0,1,PPLA
587362,AZ,Азербайджан,Azerbaijan,,Агстафа,Aghstafa,Aghstafa,1,проверено вручную,41.11889,45.45389,12542,GeoNames (дата переписи в источнике не указана),0,1,PPLA
585227,AZ,Азербайджан,Azerbaijan,,Гах,Qax,Qax,1,проверено вручную,41.41826,46.92043,11992,GeoNames (дата переписи в источнике не указана),0,1,PPLA
585231,AZ,Азербайджан,Azerbaijan,,Габала,Gabala,Qutqashen,1,проверено вручную,40.98247,47.84909,11867,GeoNames (дата переписи в источнике не указана),0,1,PPLA
584586,AZ,Азербайджан,Azerbaijan,,Зардоб,Zardob,Zardob,1,проверено вручную,40.21840,47.71214,10612,GeoNames (дата переписи в источнике не указана),0,1,PPLA
586765,AZ,Азербайджан,Azerbaijan,,Дашкесан,Dashkasan,Yukhary-Dashkesan,1,проверено вручную,40.52393,46.08186,9900,GeoNames (дата переписи в источнике не указана),0,1,PPLA
147552,AZ,Азербайджан,Azerbaijan,,Масаллы,Masally,Masally,1,проверено вручную,39.03532,48.66540,9604,GeoNames (дата переписи в источнике не указана),0,1,PPLA
587070,AZ,Азербайджан,Azerbaijan,,Белоканы,Belokany,Belokany,1,проверено вручную,41.72626,46.40478,9182,GeoNames (дата переписи в источнике не указана),0,1,PPLA
586573,AZ,Азербайджан,Azerbaijan,,Кедабек,Kyadabek,Kyadabek,1,проверено вручную,40.57055,45.81229,8657,GeoNames (дата переписи в источнике не указана),0,1,PPLA
586268,AZ,Азербайджан,Azerbaijan,,Кельбаджар,Kerbakhiar,Kerbakhiar,1,проверено вручную,40.10984,46.04446,8400,GeoNames (дата переписи в источнике не указана),0,1,PPLA
148141,AZ,Азербайджан,Azerbaijan,,Джебраил,Jebrail,Jebrail,1,проверено вручную,39.39917,47.02835,8396,GeoNames (дата переписи в источнике не указана),0,1,PPLA
146901,AZ,Азербайджан,Azerbaijan,,Зангилан,Zangilan,Zangilan,1,проверено вручную,39.08371,46.65988,7483,GeoNames (дата переписи в источнике не указана),0,1,PPLA
586430,AZ,Азербайджан,Azerbaijan,,Горанбой,Goranboy,Goranboy,1,проверено вручную,40.61028,46.78972,7333,GeoNames (дата переписи в источнике не указана),0,1,PPLA
147611,AZ,Азербайджан,Azerbaijan,,Лерик,Lerik,Lerik,1,проверено вручную,38.77388,48.41497,7094,GeoNames (дата переписи в источнике не указана),0,1,PPLA
585400,AZ,Азербайджан,Azerbaijan,,Нафталан,Naftalan,Naftalan,1,проверено вручную,40.50821,46.82030,7045,GeoNames (дата переписи в источнике не указана),0,1,PPLA
147305,AZ,Азербайджан,Azerbaijan,,Губадлы,Qubadlı,Qubadlı,1,проверено вручную,39.34441,46.58183,6890,GeoNames (дата переписи в источнике не указана),0,1,PPLA
585333,AZ,Азербайджан,Azerbaijan,,Огуз,Oğuz,Oğuz,1,проверено вручную,41.07128,47.46528,6600,GeoNames (дата переписи в источнике не указана),0,1,PPLA
585177,AZ,Азербайджан,Azerbaijan,,Самух,Samux,Samux,1,проверено вручную,40.76485,46.40868,6013,GeoNames (дата переписи в источнике не указана),0,1,PPLA
147774,AZ,Азербайджан,Azerbaijan,,Ходжалы,Xocalı,Xocalı,1,проверено вручную,39.91297,46.79028,5810,GeoNames (дата переписи в источнике не указана),0,1,PPLA
146969,AZ,Азербайджан,Azerbaijan,,Ходжавенд,Khojavend,Novyy Karanlug,1,проверено вручную,39.79496,47.11170,5079,GeoNames (дата переписи в источнике не указана),0,1,PPLA
146961,AZ,Азербайджан,Azerbaijan,,Ярдымлы,Yardımlı,Yardımlı,1,проверено вручную,38.90771,48.24052,4004,GeoNames (дата переписи в источнике не указана),0,1,PPLA
585570,AZ,Азербайджан,Azerbaijan,,Гобустан,Qobustan,Qobustan,1,проверено вручную,40.53360,48.92819,3754,GeoNames (дата переписи в источнике не указана),0,1,PPLA
147625,AZ,Азербайджан,Azerbaijan,,Лачин,Laçın,Laçın,1,проверено вручную,39.59881,46.55045,2300,GeoNames (дата переписи в источнике не указана),0,1,PPLA
585909,AZ,Азербайджан,Azerbaijan,,Хызы,Khyzy,Khyzy,1,проверено вручную,40.90847,49.07481,1024,GeoNames (дата переписи в источнике не указана),0,1,PPLA
611717,GE,Грузия,Georgia,,Тбилиси,Tbilisi,Tbilisi,1,проверено вручную,41.69411,44.83368,1282600,"Geostat, на 01.01.2025",1,1,PPLC
613607,GE,Грузия,Georgia,,Кутаиси,Kutaisi,Kutaisi,1,проверено вручную,42.26791,42.69459,178338,GeoNames (дата переписи в источнике не указана),0,1,PPLA
615532,GE,Грузия,Georgia,,Батуми,Batumi,Batumi,1,проверено вручную,41.64228,41.63392,121806,GeoNames (дата переписи в источнике не указана),0,1,PPLA
611847,GE,Грузия,Georgia,,Сухуми,Sokhumi,Sokhumi,1,проверено вручную,43.00697,40.98930,81546,GeoNames (дата переписи в источнике не указана),0,1,PPLA
610824,GE,Грузия,Georgia,,Зугдиди,Zugdidi,Zugdidi,1,проверено вручную,42.50880,41.87088,73006,GeoNames (дата переписи в источнике не указана),0,1,PPLA
612287,GE,Грузия,Georgia,,Рустави,Rustavi,Rustavi,1,проверено вручную,41.56271,44.97870,50000,GeoNames (дата переписи в источнике не указана),0,1,PPLA
614455,GE,Грузия,Georgia,,Гори,Gori,Gori,1,проверено вручную,41.98422,44.11578,46676,GeoNames (дата переписи в источнике не указана),0,1,PPLA
611694,GE,Грузия,Georgia,,Телави,Telavi,Telavi,1,проверено вручную,41.91978,45.47315,21800,GeoNames (дата переписи в источнике не указана),0,1,PPLA
612536,GE,Грузия,Georgia,,Озургети,Ozurgeti,Ozurgeti,1,проверено вручную,41.92442,42.00682,20636,GeoNames (дата переписи в источнике не указана),0,1,PPLA
615860,GE,Грузия,Georgia,,Ахалцихе,Akhaltsikhe,Akhaltsikhe,1,проверено вручную,41.63901,42.98262,17298,GeoNames (дата переписи в источнике не указана),0,1,PPLA
612890,GE,Грузия,Georgia,,Мцхета,Mtskheta,Mtskheta,1,проверено вручную,41.84514,44.71875,7423,GeoNames (дата переписи в источнике не указана),0,1,PPLA
1528675,KG,Кыргызстан,Kyrgyzstan,,Бишкек,Bishkek,Bishkek,1,проверено вручную,42.87000,74.59000,1321900,"Нацстатком КР, на 01.01.2025",1,1,PPLC
1527534,KG,Кыргызстан,Kyrgyzstan,,Ош,Osh,Osh,1,проверено вручную,40.52828,72.79850,200000,GeoNames (дата переписи в источнике не указана),0,1,PPLA
1528249,KG,Кыргызстан,Kyrgyzstan,,Джалал-Абад,Jalal-Abad,Jalal-Abad,1,проверено вручную,40.93333,73.00000,75700,GeoNames (дата переписи в источнике не указана),0,1,PPLA
1528121,KG,Кыргызстан,Kyrgyzstan,,Каракол,Karakol,Karakol,1,проверено вручную,42.49068,78.39362,70171,GeoNames (дата переписи в источнике не указана),0,1,PPLA
1527592,KG,Кыргызстан,Kyrgyzstan,,Нарын,Naryn,Naryn,1,проверено вручную,41.42866,75.99111,52300,GeoNames (дата переписи в источнике не указана),0,1,PPLA
1527299,KG,Кыргызстан,Kyrgyzstan,,Талас,Talas,Talas,1,проверено вручную,42.52277,72.24274,35172,GeoNames (дата переписи в источнике не указана),0,1,PPLA
1528735,KG,Кыргызстан,Kyrgyzstan,,Баткен,Batken,Batken,1,проверено вручную,40.06259,70.81939,10155,GeoNames (дата переписи в источнике не указана),0,1,PPLA
1512569,UZ,Узбекистан,Uzbekistan,,Ташкент,Tashkent,Tashkent,1,проверено вручную,41.26465,69.21627,3145200,"Нацкомстат Узбекистана, на 01.07.2025",1,1,PPLC
1513157,UZ,Узбекистан,Uzbekistan,,Наманган,Namangan,Namangan,1,проверено вручную,40.99830,71.67257,432456,GeoNames (дата переписи в источнике не указана),0,1,PPLA
1216265,UZ,Узбекистан,Uzbekistan,,Самарканд,Samarkand,Samarkand,1,проверено вручную,39.65417,66.95972,319366,GeoNames (дата переписи в источнике не указана),0,1,PPLA
1514588,UZ,Узбекистан,Uzbekistan,,Андижан,Andijon,Andijon,1,проверено вручную,40.78206,72.34424,318419,GeoNames (дата переписи в источнике не указана),0,1,PPLA
1217662,UZ,Узбекистан,Uzbekistan,,Бухара,Bukhara,Bukhara,1,проверено вручную,39.77472,64.42861,247644,GeoNames (дата переписи в источнике не указана),0,1,PPLA
601294,UZ,Узбекистан,Uzbekistan,,Нукус,Nukus,Nukus,1,проверено вручную,42.45306,59.61028,230006,GeoNames (дата переписи в источнике не указана),0,1,PPLA
1216311,UZ,Узбекистан,Uzbekistan,,Карши,Qarshi,Qarshi,1,проверено вручную,38.86056,65.78905,222898,GeoNames (дата переписи в источнике не указана),0,1,PPLA
1512979,UZ,Узбекистан,Uzbekistan,,Коканд,Qo‘qon,Qo‘qon,1,проверено вручную,40.52861,70.94250,187477,GeoNames (дата переписи в источнике не указана),0,0,PPL
1514210,UZ,Узбекистан,Uzbekistan,,Чирчик,Chirchiq,Chirchiq,1,проверено вручную,41.46889,69.58222,167842,GeoNames (дата переписи в источнике не указана),0,0,PPL
1514019,UZ,Узбекистан,Uzbekistan,,Фергана,Fergana,Fergana,1,проверено вручную,40.38421,71.78432,164322,GeoNames (дата переписи в источнике не указана),0,1,PPLA
1513886,UZ,Узбекистан,Uzbekistan,,Джизак,Jizzax,Jizzax,1,проверено вручную,40.12341,67.82842,152642,GeoNames (дата переписи в источнике не указана),0,1,PPLA
1512473,UZ,Узбекистан,Uzbekistan,,Ургенч,Urganch,Urganch,1,проверено вручную,41.55000,60.63333,150110,GeoNames (дата переписи в источнике не указана),0,1,PPLA
1215957,UZ,Узбекистан,Uzbekistan,,Термез,Tirmiz,Tirmiz,1,проверено вручную,37.22417,67.27833,140385,GeoNames (дата переписи в источнике не указана),0,1,PPLA
1513243,UZ,Узбекистан,Uzbekistan,,Маргилан,Marg‘ilon,Marg‘ilon,1,проверено вручную,40.47237,71.72463,133490,GeoNames (дата переписи в источнике не указана),0,0,PPL
1513131,UZ,Узбекистан,Uzbekistan,,Навои,Navoiy,Navoiy,1,проверено вручную,40.08444,65.37917,129725,GeoNames (дата переписи в источнике не указана),0,1,PPLA
1514581,UZ,Узбекистан,Uzbekistan,,Ангрен,Angren,Angren,1,проверено вручную,41.01667,70.14361,126957,GeoNames (дата переписи в источнике не указана),0,0,PPL
1513064,UZ,Узбекистан,Uzbekistan,,Алмалык,Olmaliq,Olmaliq,1,проверено вручную,40.84472,69.59833,121207,GeoNames (дата переписи в источнике не указана),0,0,PPL
1513966,UZ,Узбекистан,Uzbekistan,,Гулистан,Guliston,Guliston,1,проверено вручную,40.48972,68.78417,53373,GeoNames (дата переписи в источнике не указана),0,1,PPLA
1221874,TJ,Таджикистан,Tajikistan,,Душанбе,Dushanbe,Dushanbe,1,проверено вручную,38.53575,68.77905,1228400,"Агентство по статистике Таджикистана, на 01.01.2023 (последние опубликованные)",1,1,PPLC
1514879,TJ,Таджикистан,Tajikistan,,Худжанд,Khujand,Khujand,1,проверено вручную,40.28256,69.62216,144865,GeoNames (дата переписи в источнике не указана),0,1,PPLA
1220747,TJ,Таджикистан,Tajikistan,,Бохтар,Bokhtar,Qŭrghonteppa,1,проверено вручную,37.83399,68.78186,65000,GeoNames (дата переписи в источнике не указана),0,1,PPLA
1221328,TJ,Таджикистан,Tajikistan,,Хорог,Khorugh,Khorugh,1,проверено вручную,37.48974,71.55304,30000,GeoNames (дата переписи в источнике не указана),0,1,PPLA
588409,EE,Эстония,Estonia,,Таллин,Tallinn,Tallinn,1,проверено вручную,59.43696,24.75353,394024,GeoNames (дата переписи в источнике не указана),1,1,PPLC
588335,EE,Эстония,Estonia,,Тарту,Tartu,Tartu,1,проверено вручную,58.38062,26.72509,101092,GeoNames (дата переписи в источнике не указана),0,1,PPLA
589580,EE,Эстония,Estonia,,Пярну,Pärnu,Pärnu,1,проверено вручную,58.38588,24.49711,44192,GeoNames (дата переписи в источнике не указана),0,1,PPLA
587577,EE,Эстония,Estonia,,Вильянди,Viljandi,Viljandi,1,проверено вручную,58.36389,25.59000,20309,GeoNames (дата переписи в источнике не указана),0,1,PPLA
589165,EE,Эстония,Estonia,,Раквере,Rakvere,Rakvere,1,проверено вручную,59.34639,26.35583,16736,GeoNames (дата переписи в источнике не указана),0,1,PPLA
590939,EE,Эстония,Estonia,,Курессааре,Kuressaare,Kuressaare,1,проверено вручную,58.24806,22.50389,14921,GeoNames (дата переписи в источнике не указана),0,1,PPLA
587450,EE,Эстония,Estonia,,Выру,Võru,Võru,1,проверено вручную,57.83389,27.01944,14631,GeoNames (дата переписи в источнике не указана),0,1,PPLA
587876,EE,Эстония,Estonia,,Валга,Valga,Valga,1,проверено вручную,57.77781,26.04730,13945,GeoNames (дата переписи в источнике не указана),0,1,PPLA
592225,EE,Эстония,Estonia,,Хаапсалу,Haapsalu,Haapsalu,1,проверено вручную,58.94306,23.54139,11805,GeoNames (дата переписи в источнике не указана),0,1,PPLA
591893,EE,Эстония,Estonia,,Йыхви,Jõhvi,Jõhvi,1,проверено вручную,59.35917,27.42111,11469,GeoNames (дата переписи в источнике не указана),0,1,PPLA
589709,EE,Эстония,Estonia,,Пайде,Paide,Paide,1,проверено вручную,58.88556,25.55722,9735,GeoNames (дата переписи в источнике не указана),0,1,PPLA
589375,EE,Эстония,Estonia,,Пылва,Põlva,Põlva,1,проверено вручную,58.06028,27.06944,6504,GeoNames (дата переписи в источнике не указана),0,1,PPLA
591902,EE,Эстония,Estonia,,Йыгева,Jõgeva,Jõgeva,1,проверено вручную,58.74667,26.39389,6396,GeoNames (дата переписи в источнике не указана),0,1,PPLA
589116,EE,Эстония,Estonia,,Рапла,Rapla,Rapla,1,проверено вручную,59.00722,24.79278,5684,GeoNames (дата переписи в источнике не указана),0,1,PPLA
591632,EE,Эстония,Estonia,,Кярдла,Kärdla,Kärdla,1,проверено вручную,58.99778,22.74917,3763,GeoNames (дата переписи в источнике не указана),0,1,PPLA
1816670,CN,Китай,China,Пекин,Пекин,Beijing,Beijing,1,проверено вручную,39.9075,116.39723,21858000,"Нацбюро статистики КНР, конец 2023",1,1,PPLC
1795565,CN,Китай,China,Гуандун,Шэньчжэнь,Shenzhen,Shenzhen,1,проверено вручную,22.54554,114.0683,17794000,"Нацбюро статистики КНР, конец 2023",0,1,PPLA2
